brand_tier,naive_error,clean_error,shrunk_error
Best,1.6600394068760944,1.1341675505789461,0.6246705174567115
Better,1.8988752355288312,1.2610180129602184,0.9007567696762934
Good,1.9683011078127315,1.5871580418868556,1.1016761815908787
