month,n,wmape_baseline,bias_baseline,wmape_lgb,bias_lgb
2,8000.0,0.8784888888888889,0.13528888888888888,0.6362738507284164,0.05549242041093033
3,48000.0,0.7487850912670793,0.0020065589395336005,0.5870715333334152,0.01584789824320842
5,12000.0,0.7749943635862622,-0.01550640046093339,0.631289386568544,-0.021113853532507425
6,100000.0,0.7493200310842932,-0.006873971475589687,0.6168107704958758,-0.019184886579975607
8,20000.0,0.7899313877210041,-0.05834097974499788,0.6057631481812034,-0.010700206462544418
9,92000.0,0.7764642257369755,0.030225401735027246,0.6072723144162907,0.011455053928308782
11,24000.0,0.8210499552293253,0.01982069621162711,0.6297021657490366,0.021362807543365964
12,88000.0,0.7536237157114909,-0.02958026750704592,0.6072345823234818,-0.04778991767765067
